{
 "sum": 13443368.0,
 "avg": 272.3093501863555,
 "sumMD": 54339.0,
 "avgMD": 224.54132231404958,
 "sumSD": 53406.0,
 "avgSD": 220.68595041322314,
 "max": 511.0,
 "min": 0.0
}